ID,名稱(中),名稱(英),類別,菜系,地區,地址,電話,傳真,網站,營業時間
"10928","鳴詩","BELCANÇÃO","餐廳（酒店內）","國際","路氹填海區","路氹填海區，路氹連貫公路以西，望德聖母灣大馬路以南，第一地段第6區裙樓澳門四季酒店L1層","+853 2881 8828","+853 2881 8899","http://www.fourseasons.com/zh/macau/dining/restaurants/belcanc_ao/","07:00-11:00
12:00-14:30
18:00-22:00"
"10938","海富鮨味亭日本料理","SUSHI MI TEI JAPANESES RESTAURANT","餐廳（酒店外）","日本","澳門","澳門鮑思高圓形地69至85號海富花園地下B及C舖","+853 2877 3333","","http://www.sushimitei.com","12:00-15:00; 18:00-23:00"
"10941","撲滿","SPLASH","餐廳（酒店內）","國際","路氹填海區","路氹填海區，路氹連貫公路以西，望德聖母灣大馬路以南，第一地段第5區澳門四季酒店L01層外圍","+853 8112 8340","+853 2881 8899","http://www.fourseasons.com/macau/dining/restaurants/splash/","11:00-19:00"
"10953","木偶葡國餐廳","COZINHA PINÓCCHIO","餐廳（酒店外）","葡萄牙","氹仔","氹仔日頭街13 - 29號及消防局前地34 -56號邊那總監大廈地面層、地庫、閣仔、一樓及二樓","+853 2882 7128","+853 2882 7828","","11:45-23:00"
"11092","協成海鮮火鍋（新濠天地店）","HIP SENG SEAFOOD HOT POT RESTAURANT(CITY OF DREAMS)","餐廳（酒店內）","中國","路氹填海區","路氹城鄰近路氹連貫公路及澳門科技大學之地段（新濠天地），迎尚酒店2樓（L02）","+853 2878 1606","+853 2878 1630","http://www.jinyuexuan.com/page14","11:30-15:00;17:00-23:00"
"11125","玖","MEZZA 9 MACAU","餐廳（酒店內）","國際","路氹填海區","路氹城鄰近路氹連貫公路及澳門科技大學之地段（新濠天地），澳門君悅酒店4樓（L03層）","+853 8868 1920","+853 8867 1988","http://www.macau.grand.hyatt.com/en/hotel/dining/mezza9macau.html","18:00-23:00"
"11132","滿堂彩","BEIJING KITCHEN","餐廳（酒店內）","中國","路氹填海區","路氹城鄰近路氹連貫公路及澳門科技大學之地段（新濠天地），澳門君悅酒店地面層(L01層)","+853 8868 1930","+853 8867 1988","http://www.macau.grand.hyatt.com/en/hotel/dining/beijingkitchen.html","11:30-14:30
17:30-23:30"
"11190","咖啡廳","COFFEE SHOP","餐廳（酒店內）","美國","澳門","澳門城市日大馬路278號，澳門凱旋門酒店4樓","+853 8860 6141","+853 2822 3366","http://www.larcmacau.com","07:00-23:00"
"11192","凱旋軒","L'ARC CHINESE RESTAURANT","餐廳（酒店內）","澳門 ／ 葡萄牙","澳門","澳門城市日大馬路278號，“澳門凱旋門酒店”4樓","+853 8860 6128","+853 2822 3366","http://www.larcmacau.com","星期一至五: 11:00-15:00 & 18:00-23:00
星期六至日: 10:00-15:00 & 18:00-23:00"
"11272","江戶日本料理","EDO JAPANESE RESTAURANT","餐廳（酒店內）","日本","路氹填海區","路氹城鄰近路氹連貫公路及澳門科技大學之地段（新濠天地），頤居酒店地面層（L01）及地庫層（L00）","+853 2838 8474","","","11:30-23:00"
"11341","翠華餐廳","TSUI WAH RESTAURANT","餐廳（酒店內）","中國","路氹填海區","路氹填海區，蓮花海濱大馬路東面及望德聖母灣大馬路南面，銀河酒店地面層（G/F）編號G45店舖","+853 8883 2268","+853 2857 6569","http://www.tsuiwah.com","24小時"
"11344","萬豪火鍋","THE PLAZA GUEST","餐廳（酒店外）","火鍋","澳門","澳門友誼大馬路783-A，783-B，783-C，783-H號和長崎街35，51-A，51-B號新華大廈地下H舖及一樓B舖","+853 2870 0616","+853 2870 5424","http://www.grandplaza.com.mo","11:30-15:00
18:00-24:00"
"11351","御苑餐廳","VIDA RICA","餐廳（酒店內）","國際","澳門","澳門孫逸仙大馬路945號澳門文華東方酒店2樓","+853 8805 8888","+853 8805 8899","http://www.mandarinoriental.com/macau/fine-dining/vida-rica-restaurant","06:30-24:00"
"11373","麗景軒","LI JING XUAN","餐廳（酒店內）","中國","澳門","澳門高可寧紳士街7-13號濠璟酒店地庫一層","+853 2896 6633","+853 8989 9708","","08:30-15:00;18:00-22:00"
"11385","天巢法國餐廳","ROBUCHON AU DÔME","餐廳（酒店內）","法國","澳門","澳門殷皇子大馬路新葡京酒店41樓至43樓","+853 8803 7878","+853 2871 6350","http://www.grandlisboahotels.com/zh-hant/dining/robuchon-au-dome","12:00-14:30;18:30-22:30(星期二及星期三休息)"
"11462","丹桂軒","LAUREL","餐廳（酒店內）","中國","路氹填海區","路氹填海區，蓮花海濱大馬路東面及望德聖母灣大馬路南面銀河酒店地面層（G/F）及夾層（M/F）","+853 8883 2298","+853 8883 2115","http://www.laurelgroup.com.cn","平日:11:00-23:00
節假日:10:00-23:00"
"11466","亞洲美食坊","TASTES OF ASIA","餐廳（酒店內）","國際","路氹填海區","路氹填海區，蓮花海濱大馬路東面及望德聖母灣大馬路南面，銀河酒店地面層（G/F）","+853 8893 5533","+853 2899 0080","","星期日至星期四：10:00-24:00
星期五及星期六： 10:00-02:00"
"11497","鎮興酒樓","TOWNSWELL RESTAURANT","餐廳（酒店內）","中國","澳門","澳門哪咤廟斜巷6至6A號鎮興賓館2樓","+853 2835 6262","+853 2835 6261","","08:00-23:00"
"11502","滿庭軒餐廳","LONG CUISINE RESTAURANT","餐廳（酒店外）","中國","澳門","澳門友誼大馬路201號，賈羅布大馬路60號和佛山街31-35號新建業商業中心3樓A及C舖（娛樂場內）","","","","24小時"
"11601","婆仔屋1601","ALBERGUE 1601","餐廳（酒店外）","葡萄牙","澳門","澳門瘋堂斜巷8號BI-1(地面層及1樓)","+853 2836 1601","","","12:00 - 23:00"
"11608","99麵","99 NOODLES","餐廳（酒店內）","中國","澳門","澳門外港新填海區南灣湖計劃B區鄰近沙格斯大馬路，城市日大馬路及仙德麗街永利酒店地下（娛樂場內）","+853 8986 3629","+853 8986 3400","http://www.wynnmacau.com","10:00-02:00"
"11614","川香萬利","QUENTE! A SICHUAN BISTRÔ","餐廳（酒店內）","國際","澳門","澳門沙格斯大馬路，城市日大馬路及仙德麗街永利酒店地下","+853 8986 3616","+853 8986 3400","http://www.wynnmacau.com","07:00-22:30"
"11649","鹿港小鎮","LUGANG CAFE","餐廳（酒店內）","中國","路氹填海區","路氹填海區，蓮花海濱大馬路東面及望德聖母灣大馬路南面，銀河酒店地面層（G/F）","+853 8883 2276","","http://www.galaxymacau.com/zh-hant/macau-restaurant/restaurant-directory/chinese/lugang","24小時"
"11802","北方鳴苑","NORTH PALACE","餐廳（酒店內）","中國","路氹填海區","路氹城路氹連貫公路第5及6部分，澳門康萊德酒店第1層（L1）","+853 8113 8930","","http://hk.londonermacao.com/macau-restaurants/north-palace.html","24小時"
"11904","翡翠拉麵小籠包(倫敦人)","CRYSTAL JADE LA MIAN XIAO LONG BAO (LONDONER)","餐廳（酒店內）","中國","路氹填海區","路氹城路氹連貫公路第5及6部分，澳門倫敦人第一層（L1）娛樂場內","+853 8113 7902","","http://hk.londonermacao.com/macau-restaurants/crystal-jade.html","24小時"
"11965","花道葡萄牙餐廳","FADO","餐廳（酒店內）","國際","澳門","澳門得勝馬路2-4號皇都酒店M層（2/F及3/F之夾層）","+853 2855 2222 - 142","+853 2856 3008","http://www.hotelroyal.com.mo/sc/dining/fado","07:00-10:30;12:00-15:00;18:00-23:00"
"11970","東國海鮮火鍋城","DONG GUO CANTONESE RESTAURANT","餐廳（酒店外）","中國","氹仔","氹仔成都街209號及大連街69號至尊花城地下E及Q座","+853 2883 5888","","","10:00-15:00;18:00-23:00"
"12263","帝王點心","IMPERIAL HOUSE DIM SUM","餐廳（酒店內）","中國","氹仔","路氹填海區，路氹連貫公路以西，望德聖母灣大馬路以南，澳門威尼斯人酒店第1層","+853 8118 9910","","","07:00-00:00"
"12307","新泰泰國海鮮火鍋","TALAY VIP RESTAURANT","餐廳（酒店外）","泰國","澳門","澳門友誼大馬路澳門漁人碼頭阿姆斯特丹館1-2號舖及一樓","+853 2872 8806","+853 2872 8816","http://www.talay-thai.net","12:00-02:30"
"12394","華峰點心酒家","WA FONG DIM SUM","餐廳（酒店外）","中國","澳門","澳門圓台巷17號及27-37號御景灣地下及一樓C及D座","+853 2876 5722  +853 2876 5733","+853 2876 5662","","08:00 - 15:00 & 18:00 - 23:00"
"12409","譽瓏軒餐廳","JADE DRAGON RESTAURANT","餐廳（酒店內）","中國","路氹填海區","路氹城鄰近路氹連貫公路及澳門科技大學之地段(新濠天地)，頤居酒店2樓(L2)及3樓(L2M) F210室","+853 8868 2822","","","11:00-15:00                                       
18:00-23:00"
"12536","金悅軒海鮮城","CIDADE DE MARISCO JIN YUE XUAN","餐廳（酒店外）","中國","澳門","澳門友誼大馬路澳門漁人碼頭新奧爾良I地下及一樓","+853 2872 5599","+853 2872 5218","http://www.jinyuexuan.com/page14","11:00-15:00;17:30-23:00"
"12550","珮納宮","THE PENA RESTAURANT","餐廳（酒店內）","西式","澳門","澳門馬六甲街206號及羅理基博士大馬路1118號，皇家金堡酒店閣樓（廚房）及二樓","","","","07:30-10:30;12:00-14:30;18:00- 22:00"
"12559","協成海鮮火鍋（銀河店）","HIP SENG SEAFOOD HOT POT RESTAURANT (GALAXY)","餐廳（酒店內）","火鍋","路氹填海區","路氹填海區，蓮花海濱大馬路東面及望德聖母灣大馬路南面，銀河酒店夾層（MF）","","","","11:00-15:00;17:00-02:00"
"12574","豐收台","THE MIX","餐廳（酒店內）","國際","澳門","澳門柏嘉街339號，澳門雅詩閣酒店一樓","+853 2883 3377  +853 2888 9821","+853 2883 6811  +853 2888 9829","","08:00-00:00"
"12702","皇廚","IMPERIAL KITCHEN","餐廳（酒店內）","澳門 ／ 葡萄牙","澳門","澳門東方明珠街君悅灣第7座澳門皇冠假日酒店2樓","+853 2888 6888","+853 2888 8686","http://www.cpmacau.com/","11:00-15:00;18:00-22:00(星期一至星期五)
10:00-15:00;18:00-22:00(星期六  星期日及公眾假期)"
"12721","藍灣餐廳","CAFÉ AZURE","餐廳（酒店外）","國際","澳門","澳門東方明珠街君悅灣第七座三樓","+853 2888 6888","+853 2888 8686","http://www.cpmacau.com/","06:30-22:00"
"12790","名廚都匯","URBAN KITCHEN","餐廳（酒店內）","國際","路氹填海區","路氹填海區，蓮花海濱大馬路東面及望德聖母灣大馬路南面，澳門JW萬豪酒店一樓(L1)","+853 8886 6228","","http://www.urbankitchenmacau.com/","07:00-10:30;12:00-14:30;18:00-21:30"
"12797","8½ OTTO E MEZZO BOMBANA","8½ OTTO E MEZZO BOMBANA","餐廳（酒店內）","法國","路氹填海區","路氹填海區，蓮花海濱大馬路東面及望德聖母灣大馬路南面，銀河酒店一樓（L1）","+853 8886 2169","","","星期五-星期日12:00-14:00
星期一-星期日18:00-22:30
星期三休息"
"12800","麗思咖啡廳","THE RITZ-CARLTON CAFÉ","餐廳（酒店內）","國際","路氹填海區","路氹填海區，蓮花海濱大馬路東面及望德聖母灣大馬路南面，澳門麗思卡爾頓酒店地面層（G/F）","+853 8886 6868","","http://www.ritzcarltoncafemacau.com/","07:00-10:30;11:30-22:30"
"12802","百樂潮州酒樓","PAK LOH CHIU CHOW RESTAURANT","餐廳（酒店內）","中國","路氹填海區","路氹填海區，蓮花海濱大馬路東面及望德聖母灣大馬路南面，銀河酒店地面層（G/F）","+853 8886 2188","","","11:00-23:00"
"12843","珀克餐廳","PRAHA RESTAURANT","餐廳（酒店內）","國際","澳門","澳門孫逸仙大馬路，澳門漁人碼頭，勵庭海景酒店夾層","+853 8799 6606","+853 8799 6594","http://www.fishermanswharf.com.mo","06:30-01:00"
"12877","麗軒","LAI HEEN","餐廳（酒店內）","中國","路氹填海區","路氹填海區，蓮花海濱大馬路東面及望德聖母灣大馬路南面，澳門麗思卡爾頓酒店三十四樓（L51層）","+853 8886 6868","","http://www.laiheenmacau.com/","12:00-15:00(星期二至星期五)
11:30-13:00 & 13:30-15:00(星期六至星期日)  
18:00-22:00(星期二至星期日)"
"12897","翠華餐廳","TW TSUI WAH RESTAURANT","餐廳（酒店內）","中國","氹仔","氹仔島南部遊艇碼頭鄰近西堤圓形地，百老匯酒店配套大樓（一）地面層","+853 2882 5963  +853 8883 1828","+853 2857 6569  +853 8883 7713","http://www.broadwaymacau.com.mo/zh-hant/macau-restaurant","07:00-01:00"
"12906","度小月","DU HSIAO YUEH","餐廳（酒店內）","中國","氹仔","氹仔島南部遊艇碼頭鄰近西堤圓形地，百老匯酒店配套大樓（二）地面層","+853 8883 1878","+853 8883 7713","http://www.broadwaymacau.com.mo/zh-hant/macau-restaurant","星期日至星期四:11:00-24:00
星期五  星期六和公眾假期: 11:00-01:00"
"12966","雅舍","THE MANOR","餐廳（酒店內）","澳門 ／ 葡萄牙","路氹填海區","路氹城路氹連貫公路第5及6部分，澳門瑞吉酒店第1層（L01）","+853 8113 2777","+853 2882 8890","http://www.themanormacao.com","06:30 - 23:00"
"12986","玉蘭苑","JADE ORCHID","餐廳（酒店內）","中國","澳門","澳門孫逸仙大馬路，澳門漁人碼頭，勵庭海景酒店夾層","+853 8799 6316","+853 8799 6594","http://www.fishermanswharf.com.mo","11:00-15:00
18:00-23:00"
"13000","星滙餐廳","SPOTLIGHT","餐廳（酒店內）","國際","路氹填海區","路氹城填海區G300  G310及G400地段，新濠影滙酒店，二樓(2/F)，舖位P01-F008","+853 8865 6668","+853 8869 6668","http://www.studiocity-macau.com","06:30-10:30
12:00-15:00
18:00-22:30"
"13004","協成海鮮火鍋（新濠影滙店）","HIP SENG SEAFOOD HOT POT RESTAURANT (STUDIO CITY)","餐廳（酒店內）","中國","路氹填海區","路氹城填海區G300、G310及G400地段，新濠影滙酒店，一樓（1/F），舖位PUG-F017（娛樂場內）","+853 2883 2232","+853 2883 2292","http://www.jinyuexuan.com/page14","11:30-15:00;17:00-01:00"
"13005","東南薈","SPICE ROAD","餐廳（酒店內）","中國 ／ 國際","路氹填海區","路氹城填海區G300  G310及G400地段，新濠影滙酒店，一樓（1/F），舖位PUG-F036（娛樂場內）","+853 8865 6640","+853 8869 6640","http://www.studiocity-macau.com","11:00-15:00
18:00-23:00"
"13051","咖啡苑","FONTANA BUFFET","餐廳（酒店內）","國際","路氹填海區","路氹填海區，鄰近體育館大馬路，永利皇宮酒店首層","+853 8889 3698","+853 8889 3600","http://www.wynnpalace.com","06:30-23:00"
"13052","皇宮椒好運","PALACE CAFE","餐廳（酒店內）","國際","路氹填海區","路氹填海區，鄰近體育館大馬路，永利皇宮酒店首層（娛樂場內）","+853 8889 3677","+853 8889 3600","http://www.wynnpalace.com","11:00-23:00"
"13053","永翠宮","LAKEVIEW PALACE","餐廳（酒店內）","中國","路氹填海區","路氹填海區，鄰近體育館大馬路，永利皇宮酒店首層","+853 8889 3638","","http://www.wynnresortsmacau.com","12:00-15:00;17:30-23:00"
"13054","永利扒房","SW","餐廳（酒店內）","國際","路氹填海區","路氹填海區，鄰近體育館大馬路，永利皇宮酒店首層","+853 8889 3628","","http://www.wynnresortsmacau.com","17:30-23:00(星期三至星期一)"
"13056","泓","MIZUMI","餐廳（酒店內）","日本","路氹填海區","路氹填海區，鄰近體育館大馬路，永利皇宮酒店首層","+853 8889 3688","","http://www.wynnresortsmacau.com","17:30-23:00(星期二至星期日)"
"13057","99麵","99 NOODLES","餐廳（酒店內）","中國","路氹填海區","路氹填海區，鄰近體育館大馬路，永利皇宮酒店首層（娛樂場內）","+853 8889 3678","+853 8889 3600","http://www.wynnpalace.com","10:00-02:00"
"13058","譚卉","CHEF TAM'S SEASONS","餐廳（酒店內）","中國","路氹填海區","路氹填海區，鄰近體育館大馬路，永利皇宮酒店首層","","","","12:00-15:00;17:30-22:30"
"13061","御瀛日本料理","THE WIN JAPANESE CUISINE","餐廳（酒店內）","日本","澳門","澳門柏嘉街339號，澳門雅詩閣酒店一樓","+853 2886 0000","+853 2878 0166","","11:00-22:30"
"13062","順軒海鮮火鍋酒家","SHUN HIN SEAFOOD RESTAURANT","餐廳（酒店內）","中國","澳門","澳門柏嘉街339號，澳門雅詩閣酒店一樓","+853 2883 6666","+853 2878 0166","","10:30-22:00"
"13070","鮨金悦","SUSHI KINETSU","餐廳（酒店內）","日本","路氹填海區","路氹城鄰近路氹連貫公路及澳門科技大學之地段（新濠天地），頤居酒店地面層（L01）","+853 2878 1606","+853 2878 1630","http://www.jinyuexuan.com/page14","12:00-14:30;18:00-22:30(星期二休息）"
"13114","海銀海記潮汕特色牛肉火鍋","HOI NGAN HOI KEI","餐廳（酒店內）","中國","氹仔","氹仔島南部遊艇碼頭鄰近西堤圓形地，百老匯酒店配套大樓（二）地面層","+853 2899 5511","","http://www.facebook.com/beefhotpot/","12:00-00:00"
"13126","松花湖水餃","DUMPLINGS LAGO CHONG FA","餐廳（酒店內）","中國","氹仔","氹仔島南部遊艇碼頭鄰近西堤圓形地，百老匯酒店配套大樓（一）一樓層","+853 2836 6133","+853 8883 7713","http://www.broadwaymacau.com.mo/zh-hant/macau-restaurant","09:00-03:00"
"13127","福龍葡國餐","DRAGON PORTUGUESE CUISINE","餐廳（酒店內）","葡萄牙","氹仔","氹仔島南部遊艇碼頭鄰近西堤圓形地，百老匯酒店配套大樓（二）地面層","+853 8883 1816  +853 8883 3338","+853 8883 7713","http://www.broadwaymacau.com/restaurant/dragon-portuguese-cuisine/?type=all","12:00-15:00
18:00-23:00"
"13181","真點心小廚","ZHEN DIM SUM KITCHEN","餐廳（酒店內）","中國","路氹填海區","路氹城鄰近路氹連貫公路及澳門科技大學之地段（新濠天地），頤居酒店2樓（L02）7號舖","+853 2888 0181","+853 2878 1630","http://www.jinyuexuan.com/page14","11:30-15:00;17:00-23:00"
"13200","甜藝廊","SWEETS","餐廳（酒店內）","其他","路氹填海區","路氹填海區，鄰近體育館大馬路，永利皇宫酒店首層","+853 8889 3683","+853 8889 3600","http://www.wynnpalace.com","08:00-23:00"
"13221","熱情","PASSION. BY GÉRARD DUBOIS","餐廳（酒店內）","美國","路氹填海區","路氹填海區，蓮花海濱大馬路東面及望德聖母灣大馬路南面，銀河酒店第2期地面層(G/F)","+853 8886 2175","","http://www.galaxymacau.com/en/dining/restaurants/passion-by-gerard-dubois","星期日-星期四 09:00-22:00
星期五  星期六及公眾假期 09:00-00:00"
"13224","巴黎人法式餐廳","BRASSERIE PARISIAN","餐廳（酒店內）","法國","路氹填海區","路氹填海區，路氹連貫公路，第一地塊，第3地段，澳門巴黎人酒店第3層（L03）","+853 8111 9200","","http://hk.parisianmacao.com/macau-restaurants/brasserie.html","12:00-15:00;18:00-22:30(星期二至星期日)"
"13225","巴黎人自助餐","LE BUFFET PARISIAN","餐廳（酒店內）","國際","路氹填海區","路氹填海區，路氹連貫公路，第一地塊，第3地段，澳門巴黎人酒店第1層（L01)","+853 8111 9250","","http://hk.parisianmacao.com/macau-restaurants/le-buffet.html","07:00-13:00;18:00-22:00"
"13229","色香味","MARKET BISTRO","餐廳（酒店內）","中國","路氹填海區","路氹填海區，路氹連貫公路，第一地塊，第3地段，澳門巴黎人酒店第1層(L01)","+853 8111 9270","","http://hk.parisianmacao.com/macau-restaurants/market-bistro.html","24小時"
"13234","永玖坊","INFINITE","餐廳（酒店內）","中國","澳門","澳門友誼大馬路及孫逸仙大馬路，澳門漁人碼頭勵宮酒店地下","+853 8801 8002","+853 8801 8019","http://www.legendpalace.com.mo","24小時"
"13236","勵皇軒","THE GRAND PALACE","餐廳（酒店內）","中國","澳門","澳門友誼大馬路及孫逸仙大馬路，澳門漁人碼頭勵宮酒店2樓","+853 8801 8008","","","11:00-15:00;18:30-23:30"
"13246","翡翠拉麵小籠包","CRYSTAL JADE LA MIAN XIAO LONG BAO","餐廳（酒店內）","中國","路氹填海區","路氹填海區，路氹連貫公路，第一地塊，第3地段，澳門巴黎人酒店第1層（L01）","+853 8111 9220","","http://hk.parisianmacao.com/macau-restaurants/crystal-jade.html","11:00-23:00"
"13250","御蓮宮","LOTUS PALACE","餐廳（酒店內）","中國","路氹填海區","路氹填海區，路氹連貫公路，第一地塊，第3地段，澳門巴黎人酒店第3層（L03）","+853 8111 9260","","http://hk.parisianmacao.com/macau-restaurants/lotus-palace.html","12:00-15:00;18:00-22:30(星期一、星期三至星期五)
11:00-15:00;18:00-22:30(星期六 星期日及公眾假期)"
"13263","松花湖水餃","SONGHUAHU DUMPLINGS","餐廳（酒店內）","中國","路氹填海區","路氹城鄰近路氹連貫公路及澳門科技大學之地段（新濠天地），迎尚酒店2樓（L02）8號舖","+853 2885 5155","","http://www.cityofdreamsmacau.com/sc/dine/chinese/songhuahu","11:00-00:00"
"13327","巴黎軒","LA CHINE","餐廳（酒店內）","中國","路氹填海區","路氹填海區，路氹連貫公路，第一地塊，第3地段，“澳門巴黎人”酒店第6層(L06)","+853 8111 9210","","http://hk.parisianmacao.com/macau-restaurants/la-chine.html","11:00-15:00( 星期六至星期日)
18:00-22:30(星期四至星期二)"
"13336","濤岸","COAST","餐廳（酒店內）","國際","路氹填海區","路氹填海區，鄰近體育館大馬路美獅美高梅酒店地面層(G/F)","+853 8806 2328","","http://www.mgm.mo/zh-hant/cotai/dining/coast","07:00-15:00;18:00-23:00"
"13340","雅吉","AJI","餐廳（酒店內）","中國","路氹填海區","路氹填海區，鄰近體育館大馬路美獅美高梅酒店地面夾層(GM/F)","+853 8806 2308","","http://www.mgm.mo/en/cotai/dining/aji","18:00-23:00(星期一  星期三至星期五)
12:00-15:00;18:00-23:00(星期六至星期日)"
"13341","盛焰","GRILL 58.°","餐廳（酒店內）","國際","路氹填海區","路氹填海區，鄰近體育館大馬路“美獅美高梅”酒店地面夾層(GM/F)","+853 8806 2318","","http://www.mgm.mo/zh-hant/cotai/dining/grill-58","18:00-23:00(星期二至星期五) 
12:00-15:00;18:00-23:00(星期六至星期日)"
"13342","視博茶點","ANYTIME","餐廳（酒店內）","國際","路氹填海區","路氹填海區，鄰近體育館大馬路美獅美高梅酒店地面層（G/F）及地庫一層(B1)","+853 8806 2338","","http://www.mgm.mo/zh-hant/cotai/dining/anytime","11:00-21:00"
"13343","淳","CHÚN","餐廳（酒店內）","中國","路氹填海區","路氹填海區，鄰近體育館大馬路美獅美高梅酒店地面層(G/F)","+853 8806 2388","","http://www.mgm.mo/zh-hant/cotai/dining/chun","12:00-15:00;18:00-22:00"
"13344","好鍋","HAO GUO","餐廳（酒店內）","中國","路氹填海區","路氹填海區，鄰近體育館大馬路美獅美高梅酒店地面層(G/F)","+853 8806 2368","","http://www.mgm.mo/zh-hant/cotai/dining/hao-guo","11:00-15:00;18:00-23:00"
"13345","蜀道","FIVE FOOT ROAD","餐廳（酒店內）","中國","路氹填海區","路氹填海區，鄰近體育館大馬路美獅美高梅酒店地面層(G/F)","+853 8806 2358","","http://www.mgm.mo/en/cotai/dining/five-foot-road","12:00-15:00;18:00-22:00"
"13450","茶杯","CHA BEI","餐廳（酒店內）","美國","路氹填海區","路氹填海區，蓮花海濱大馬路東面及望德聖母灣大馬路南面，銀河酒店一樓（L1）","+853 8886 2147","","http://www.galaxymacau.com/en/dining/restaurants/chabei","10:30-21:00"
"13523","紅8粥麵","RED 8","餐廳（酒店內）","中國","路氹填海區","路氹填海區，鄰近體育館大馬路，永利皇宮酒店首層（娛樂場內）","+853 8889 3648","","http://www.wynnresortsmacau.com","24小時"
"13534","海灣餐廳(氹仔分店)","RESTAURANTE LITORAL (TAIPA)","餐廳（酒店外）","葡萄牙","氹仔","氹仔地堡街53-67號泉福新邨第二期第四座偉展閣地下S T U及V座","+853 2882 5255","+853 2882 5025","http://www.restaurantelitoral-taipa.com/","12:00-21:00"
"13654","鴻運坊","EMERALD HOUSE","餐廳（酒店內）","中國","路氹填海區","路氹填海區，路氹連貫公路，第一地塊，第3地段，澳門巴黎人酒店第1層(L01)(娛樂場內)","+853 8111 9030","","http://hk.parisianmacao.com/macau-restaurants/emerald-house.html","11:00-23:00(星期一至星期四)
11:00-01:00(星期五至星期日)"
"13667","招牌麵","SIGNATURE NOODLES","餐廳（酒店內）","中國","路氹填海區","路氹填海區，鄰近路環電廠圓形地，“葡京人”酒店一樓(L01)","+853 8882 6680","","http://www.lisboetamacau.com/zh-hant/dining/venues/signature-noodles/","08:30-22:30"
"13668","燊哥冰室","STANLEY' S CAFÉ","餐廳（酒店內）","中國","路氹填海區","路氹填海區，鄰近路環電廠圓形地，葡京人酒店一樓（L01）","+853 8882 6668","","http://www.lisboetamacau.com/zh-hant/dining/venues/stanleys-cafe/","24小時"
"13773","小意．大利","PRONTO","餐廳（酒店內）","中國","路氹填海區","路氹填海區，鄰近體育館大馬路，永利皇宮酒店首層","+853 8889 3699","","http://www.wynnresortsmacau.com","11:00-22:00"
"13781","彤","TEKKA","餐廳（酒店內）","中國","澳門","澳門外港新填海區南灣湖計劃B區鄰近沙格斯大馬路 城市日大馬路及仙德麗街永利酒店地下(娛樂場內)","+853 8986 3368","","http://www.wynnresortsmacau.com","12:00-02:00"
"13839","蟹家大院","蟹家大院","餐廳（酒店內）","中國","路氹填海區","路氹填海區，鄰近路環電廠圓形地，葡京人酒店一樓（L01）","","","","12:00-22:30"
"13841","喜樂","HIRO","餐廳（酒店內）","國際","路氹填海區","路氹填海區，路氹連貫公路以西，望德聖母灣大馬路以南，澳門威尼斯人酒店 第1層1048商舖","+853 8118 9998","","http://hk.venetianmacao.com/restaurants/signature/hiro.html","12:00-15:00;18:00-22:30 (星期一休息)"
"13846","松花湖水餃","DUMPLINGS LAKE CHONG FA","餐廳（酒店外）","中國","路氹填海區","路氹城填海區G300，G310及G400地段，新濠影滙，一樓(L01)，舖位1071 (電影製作業區)","+853 2821 2281","","http://www.studiocity-macau.com/en/dining/song-hua-hu","11:00-22:00"
"13865","當奧豐素1890","DON ALFONSO 1890","餐廳（酒店內）","意大利","路氹填海區","路氹填海區，射擊路，溜冰路，網球路及機場大馬路， 上葡京 三樓","","","","18:00-22:30 (星期二至星期四)
12:00-15:00；18:00-22:30 (星期五至星期日)"
"13868","御花園","PALACE GARDEN","餐廳（酒店內）","中國","路氹填海區","路氹填海區，射擊路，溜冰路，網球路及機場大馬路，上葡京酒店三樓","+853 8881 1380","","http://www.grandlisboapalace.com/tc/restaurants-n-bars/palace-garden","12:00-14:30;18:30-22:00(星期二休息)"
"13870","瑞兆","ZUICHO","餐廳（酒店內）","中國","路氹填海區","路氹填海區，射擊路，溜冰路，網球路及機場大馬路，上葡京酒店三樓","+853 8881 1330","","http://www.grandlisboapalace.com/tc/restaurants-n-bars/zuicho","18:00-22:30(星期二至星期五)
12:30-14:30;18:00-22:30(星期六 星期日及公眾假期)"
"13871","華亭","HUA TING","餐廳（酒店內）","中國","路氹填海區","路氹填海區，射擊路，溜冰路，網球路及機場大馬路，上葡京酒店二樓","+853 8881 1800","","http://www.grandlisboapalace.com/tc/restaurants-n-bars/hua-ting","12:00-15:00;18:00-21:30(星期四至星期二及公眾假期）"
"13877","味賞","MESA","餐廳（酒店內）","澳門 ／ 葡萄牙","路氹填海區","路氹填海區，射擊路，溜冰路，網球路及機場大馬路，上葡京酒店三樓","+853 8881 1800","","http://www.grandlisboapalace.com/tc/restaurants-n-bars/mesa","07:00-10:30;18:00-22:30 (星期一)
18:00-22:30(星期三至星期五)
07:00-10:30;12:00-15:00; 18:00-22:30 (星期六及星期日)"
"13956","醉江南","JIANG NAN","餐廳（酒店內）","中國","路氹填海區","路氹填海區，路氹連貫公路以西，望德聖母灣大馬路以南，澳門威尼斯人酒店1樓(L01)","+853 8118 9818","","http://hk.venetianmacao.com/restaurants/chinese/jiang-nan.html","12:00-15:00;18:00-23:00(星期二休息)"
"13958","自助山","THE GRAND BUFFET","餐廳（酒店內）","印度","路氹填海區","路氹填海區，射擊路，溜冰路，網球路及機場大馬路，上葡京酒店三樓","+853 8881 1800","","http://www.grandlisboapalace.com/tc/restaurants-n-bars/the-grand-buffet","07:00-10:30;12:00-15:00;18:00-22:00"
"13975","邱吉爾餐廳","CHURCHILL'S TABLE","餐廳（酒店內）","國際","路氹填海區","路氹城，路氹連貫公路第5及6部分，澳門倫敦人酒店第1層（L1）","+853 8113 8990","","http://hk.londonermacao.com/macau-restaurants/churchills-table.html","07:00-00:00"
"13984","上葡京茶樓","CHALOU GLP","餐廳（酒店內）","中國","路氹填海區","路氹填海區，射擊路，溜冰路，網球路及機場大馬路，上葡京酒店一樓","+853 8881 1320","","http://www.grandlisboapalace.com/tc/restaurants-n-bars/chalou","11:30-15:00;18:00-21:00(星期二至星期五)
10:00-15:00;18:00-21:00(星期六 星期日及公眾假期）"
"14031","密利拿海鮮酒家","MARMELEIRA SEAFOOD RESTAURANT","餐廳（酒店內）","中國","路氹填海區","路氹填海區，路氹連貫公路以西，望德聖母灣大馬路以南，澳門威尼斯人酒店大運河購物中心第5層3006-3007A舖位","+853 2828 2872","+853 2875 2150","","10:30-23:30"
"14047","淮揚曉宴","THE HUAIYANG GARDEN","餐廳（酒店內）","中國","路氹填海區","路氹城，路氹連貫公路第5及6部分，澳門倫敦人酒店，第2層（L2），2206A及2208號舖位","+853 8113 8908","","http://hk.londonermacao.com/macau-restaurants/huaiyang-garden.html","17:30-23:00(星期四至星期二)"
"14108","樂怡閣","AT THE POINT BISTRO","餐廳（酒店內）","其他","澳門","澳門南灣大馬路944號，鏵龍酒店二樓","","","","07:30-20:30"
"14156","龜盅補","TURTLE ESSENCE SHOP","簡便餐飲場所","簡便餐飲場所-食品","澳門","澳門亞馬喇前地1號3號及5號，葡京路2號及4號和賈羅布大馬路1號及3號，葡京酒店地庫","+853 2871 3838","","","10:00-02:00"
"14157","江戶日本料理","EDO JAPANESE","簡便餐飲場所","簡便餐飲場所-食品","澳門","澳門亞馬喇前地1號3號及5號，葡京路2號及4號和賈羅布大馬路1號及3號，葡京酒店地庫","+853 2871 3888","","","11:30-00:00"
"14170","金樹日本餐","JAPONÊS OURO ÁRVORE","簡便餐飲場所","簡便餐飲場所-食品","澳門","澳門馬六甲街17，35，43，83，89及103號，“金龍酒店”三樓","+853 2899 3866","","","12:00-15:00;18:00-23:00(星期二休息)"
"14246","甜點","PASTRY BAR","餐廳（酒店內）","其他","澳門","澳門孫逸仙大馬路1101號，澳門美高梅酒店地下（L1層）","","","","11:00-20:00"
"14256","朋友仔主題餐廳","FRIENDS THEMED CAFE BISTRO","餐廳（酒店內）","其他","路氹填海區","路氹填海區，鄰近路環電廠圓形地，葡京人酒店2樓","","","","09:00-21:00 (星期一至星期四)
09:00-22:00 (星期五至星期日)"
"14338","十八番。百福小廚","COMIDA JAPONESA TOEI. COZINHA BOA FORTUNA","簡便餐飲場所","簡便餐飲場所-食品","路氹填海區","路氹填海區，鄰近路環電廠圓形地，葡京人酒店1樓（L01）1K18 - 1K18b舖","","","","11:30-20:00"
"14339","胡椒廚房","PEPPER LUNCH","簡便餐飲場所","簡便餐飲場所-食品","路氹填海區","路氹填海區，鄰近路環電廠圓形地，葡京人酒店1樓（L01）1K07 - 1K07a舖","","","","11:30-20:00"
"4005","京都餐廳","METRÓPOLE","餐廳（酒店內）","中國","澳門","澳門南灣大馬路493號和501號，京都酒店二樓","+853 2857 0231","+853 2831 9901","","08:00-22:00"
"4006","京都大酒樓","METRÓPOLE","餐廳（酒店內）","中國","澳門","澳門南灣大馬路493號和501號，京都酒店地下和一樓","","","","08:00-15:00;18:00-22:00"
"4031","梓園","CATALPA GARDEN","餐廳（酒店內）","中國","澳門","澳門得勝馬路2號-4號皇都酒店二樓","+853 2855 2222 - 189","+853 2856 3008","http://www.hotelroyal.com.mo/tc/dining/catalpa-garden","11:30-15:00;17:30-22:00"
"4043","金麗軒","GRANDE LAPA","餐廳（酒店內）","中國","澳門","澳門友誼大馬路956至1110號澳門雅辰酒店一樓","+853 8793 3821","+853 8590 0600","http://artyzen.grandlapa.com","11:00-15:00
18:00-22:00
逢星期二休息"
"4055","森","ZAM ZAM RESTAURANT AND BAR","餐廳（酒店內）","國際","氹仔","氹仔盧簾若馬路1號麗景灣藝術酒店","+853 2883 1234","+853 2883 0195","http://www.regencyarthotel.com.mo","18:00-22:30
逢星期一休息"
"4088","聯邦大酒樓","FEDERAL","餐廳（酒店外）","中國","澳門","澳門山邊街16號及28號五樓","+853 2831 3313","+853 2834 3864","","08:00-24:00"
"4091","麗湖軒酒家","BRILLIANT LAKE RESTAURANT","餐廳（酒店內）","國際","澳門","澳門地厘古工程師馬路1號至5號及火藥局斜巷25號“東望洋酒店”地下","+853 2851 3888","+853 2853 2185","http://www.hotelguiamacau.com","08:00-15:00;18:00-22:00"
"4101","富豪海鮮酒家","BEVERLY SEAFOOD RESTAURANT","餐廳（酒店內）","中國","澳門","澳門羅理基博士大馬路70號，86號，94號，98號和106號，富豪酒店5樓","+853 2882 2228  +853 2878 0708","+853 2878 0708","","08:00-00:00"
"4116","船屋","A LORCHA","餐廳（酒店外）","葡萄牙","澳門","澳門河邊新街289-AA號和289-BA號地下","+853 2831 3193","+853 2896 6842","http://alorcha.com","12:30-15:00
18:30-23:00"
"4141","AMIGO","AMIGO","餐廳（酒店內）","葡萄牙 ／ 國際","澳門","澳門竹室正街2號和高可寧紳士街7號至13號新翼濠璟酒店地庫1","+853 2896 6633","","","07:30-22:00"
"4156","嘉年華","KA NIN WA","餐廳（酒店外）","中國","澳門","澳門高地烏街48號G地下及1樓","+853 2855 3902","+853 2852 5860","","8:00-24:00"
"4175","帝濠軒","EMPEROR COURT","餐廳（酒店內）","中國","澳門","澳門上海街51號和北京街106-I號帝濠酒店1樓","+853 2888 9821","+853 2888 9829","","10:00-00:00"
"4243","觀海軒","KWUN HOI HEEN","餐廳（酒店內）","中國","路環","路環黑沙馬路1918號鷺環海天度假酒店三樓","+853 8899 1320","+853 2887 1131","","星期一至星期五：11:00-15:00 & 18:30-23:00
星期六至日：09:30-15:30 & 18:30-23:00"
"4244","CAFÉ PANORAMA","CAFÉ PANORAMA","餐廳（酒店內）","國際","路環","路環黑沙馬路1918號鷺環海天度假酒店地下","+853 8899 1020","+853 2887 1131","http://www.grandcoloane.com","07:00-24:00"
"4250","金滿軒","GOLD MOON GARDEN","餐廳（酒店內）","中國","澳門","澳門北京街199號，維景酒店一樓","+853 8790 3020","+853 8790 3322","http://www.metroparkmacau.com","10:00-15:00
18:00-22:00"
"4251","翠廬","CIAO","餐廳（酒店內）","國際","澳門","澳門北京街199號，維景酒店二樓","+853 8790 3208","+853 8790 3322","http://www.metroparkmacau.com","07:00-01:00"
"4252","京澳璇宮","ROTUNDA","餐廳（酒店內）","國際","澳門","澳門北京街199號，維景酒店二十五樓","+853 8790 3328  +853 8790 3222","+853 8790 3322","http://www.metroparkmacau.com","17:30-22:30"
"4254","萬豪軒","THE PLAZA RESTAURANT","餐廳（酒店外）","國際","澳門","澳門長崎街35號，51號A和51號B新華大廈2樓","+853 2870 5656  +853 2870 6623","+853 2870 5424","","09:00-15:00
18:00-24:00"
"4272","御膳坊","IMPERIAL","餐廳（酒店內）","澳門 ／ 葡萄牙","澳門","澳門馬六甲街206號及羅理基博士大馬路1118號，皇家金堡酒店閣樓（廚房）及二樓","+853 8297 2287","+853 2872 6565","http://www.casarealhotel.com.mo","11:00-15:00
18:00-23:00"
"4275","富華軒酒家","RESTAURANT FU HUA HEEN","餐廳（酒店內）","中國","澳門","澳門俾利喇街98號至102號富華酒店二樓","+853 2855 3838","+853 2852 7575","http://www.fuhuahotelmacau.com","07:00 - 22:00"
"4300","雅馨緬甸餐廳","RESTAURANTE BIRMANES AROMÁTICO","餐廳（酒店外）","緬甸","澳門","澳門飛能便度街27號地下和閣樓","+853 2852 8129","+853 2821 0797","http://www.ngaheong.com","10:00-19:30"
"4307","海灣餐廳","LITORAL","餐廳（酒店外）","葡萄牙","澳門","澳門河邊新街261號A地下和閣樓及如意巷11號","+853 2896 7878","+853 2896 7996","http://restaurantelitoralmacau.com","12:00-15:00;17:30-21:30"
"4333","陸舟餐廳","RISTORANTE LA GONDOLA","餐廳（酒店外）","法國","路環","路環竹灣沙灘，竹灣遊泳池附近","+853 2888 0156","+853 2878 8789","","11:00-23:00"
"4338","玫瑰園","CAFE ROSE GARDEN","餐廳（酒店外）","葡萄牙","澳門","澳門長崎街43號新華大廈地下","+853 2870 1901","+853 2870 5424","","11:00-24:00"
"4390","海洋閣","OCEAN CLUB - COFFEE HOUSE","餐廳（酒店外）","國際","氹仔","氹仔海洋花園大馬路1016號2樓","+853 2881 2666  +853 6689 0969","+853 2881 3335","","12:00-22:00"
"4392","置地軒潮粵菜酒樓","THE LANDMARK RESTAURANT","餐廳（酒店內）","澳門 ／ 葡萄牙","澳門","澳門友誼大馬路555號新東方置地酒店5樓及6樓","+853 8795 6280","+853 8795 6712","http://www.landmarkhotel.com.mo","24小時"
"4421","金灣東北菜館","RESTAURANTE DO NORDESTE KAM WAN","餐廳（酒店內）","中國","澳門","澳門殷豐素王前地57號61號和65號，羅理基博士大馬路10號12號和16號及賈羅布大馬路126號128號和132號金灣賓館地牢","+853 2878 0099  +853 2878 1263","+853 2878 2263","","11:00-23:00"
"4422","灆泰國餐廳","NAAM THAI","餐廳（酒店內）","泰國","澳門","澳門友誼大馬路956至1110號澳門雅辰酒店地下","+853 8793 4818","+853 8590 0600","http://artyzen.grandlapa.com","12:00-15:00
18:00-22:00
逢星期一休息"
"4464","南湖明月酒樓","LUA AZUL","餐廳（酒店外）","中國","澳門","澳門觀光塔前地42至66號，澳門旅遊塔會展娛樂中心三樓","+853 8988 8700","+853 2896 2826","http://www.macautower.com.mo","11:00-15:00
18:30-22:00"
"4470","皇家葡萄餚","TROMBA RIJA","餐廳（酒店外）","葡萄牙","澳門","澳門觀光塔前地42至66號，澳門旅遊塔會展娛樂中心地面層","+853 2896 2878","+853 2896 5379","http://www.macautower.com.mo","12:00-23:00"
"4474","旋轉餐廳","360º CAFÉ RESTAURANT","餐廳（酒店外）","國際","澳門","澳門觀光塔前地42至66號，澳門旅遊塔60樓(T60)及B1/T2地庫","+853 8988 8622","+853 2896 8303","http://www.macautower.com.mo","11:30-22:00"
"4487","美麗華餐廳","MIRAMAR","餐廳（酒店外）","葡萄牙","路環","路環東北區黑沙海灘","+853 2888 2623","+853 2831 4113","http://www.miramar.com.mo","星期一至星期五：11:30-15:00/18:30-23:00
星期六及星期日： 11:30-23:00"
"4491","經典意大利餐廳","RESTAURANTE ITALIANO ANTICA TRATTORIA","餐廳（酒店外）","法國","澳門","澳門倫斯泰特大馬路40，42及46號，帝景苑地下及一樓","+853 2875 5102","+853 2875 5103","http://www.anticatrattoria.asia","12:00-02:00"
"4502","黃金海岸餐廳","GOLD COAST OYSTER & SEAFOOD RESTAURANT","餐廳（酒店外）","國際","澳門","澳門孫逸仙大馬路1403號和1407號帝景苑地下及一樓商舖K座和L座","+853 2875 2800","+853 2872 5726","http://www.facebook.com/GoldCoastMacau","16:00-03:00"
"4509","皎月食坊-麵檔","NOODLE SHOP - MOONLIGHT FOOD MARKET","餐廳（酒店內）","中國","澳門","澳門友誼大馬路金沙娛樂場一樓","+853 8118 8125","","http://hk.sandsmacao.com/dining/quick-eats/moonlight-noodle.html","24小時"
"4519","金沙閣","GOLDEN COURT","餐廳（酒店內）","中國","澳門","澳門友誼大馬路金沙娛樂場三樓","+853 8118 8822","","http://hk.sandsmacao.com/dining/fine-dining/golden-court.html","12:00-15:00;18:00-22:30(星期一至星期五)
11:00-15:00;18:00-22:30(星期六 日及公眾假期)"
"4520","高雅扒房","COPA","餐廳（酒店內）","國際","澳門","澳門友誼大馬路金沙娛樂場三樓","+853 8118 8822","","http://hk.sandsmacao.com/dining/fine-dining/copa-steakhouse.html","12:00-15:00;18:00-22:00"
"4527","金龍軒","PALÁCIO DE DRAGÃO","餐廳（酒店內）","中國","澳門","澳門馬六甲街17，35，43，83，89及103號，金龍酒店四樓","+853 8989 0029","","","11:00-15:00;18:00-23:00(星期一至星期六)
10:00-15:00;18:00-23:00(星期日及公眾假期)"
"4528","柏斯","PICASSO","餐廳（酒店內）","國際","澳門","澳門馬六甲街17，35，43，83，89及103號，金龍酒店一樓","+853 8989 0028","","","07:00-22:00"
"4536","駿龍軒","PALÁCIO GRANDE DRAGÃO","餐廳（酒店內）","中國","氹仔","澳門氹仔沙維斯街36號，駿龍酒店3樓","+853 8896 0088","","","10:00-15:00;18:00-22:30"
"4540","紅樹林","FLORESTA VERMELHA","餐廳（酒店外）","中國","澳門","澳門畢仕達大馬路54號D鴻安中心I舖地下和1樓","","","","17:00-00:00"
"4541","薈景閣","BELA VISTA","餐廳（酒店內）","國際","澳門","澳門友誼大馬路956至1110號澳門雅辰酒店1樓","+853 8793 3871","+853 8590 0600","http://artyzen.grandlapa.com","06:30-22:00"
"4552","我餐廳","ME RESTAURANT","餐廳（酒店外）","國際","澳門","澳門雅廉訪大馬路21號A，21號B，21號C及雅廉訪里1號，1號A，1號B，1號C及1號D，A舖地面層和閣樓層","+853 2821 0581","","","12:00-20:00"
"4555","好彩海鮮火鍋飯店","LUCK","餐廳（酒店外）","火鍋","澳門","澳門賈羅布大馬路102號及殷豐素王前地33號A舖地面層，1樓，2樓，3樓和天面","+853 2878 6778  +853 2878 6883","+853 2878 6889","","10:00-04:00"
"4560","貴族爐端燒","ROYAL ROBATAYAKI","餐廳（酒店內）","日本","澳門","澳門商業大馬路251-292D英皇娛樂酒店地下","+853 2888 9918","+853 2888 9982","http://www.grandemperor.com","12:00-14:30
18:00-23:00"
"4574","我的意大利廚房","LA CUCINA ITALIANA","餐廳（酒店外）","國際","氹仔","氹仔地堡街，泉福新邨第二期第5座偉興閣大廈地下AC，AD，AE和AF舖","+853 2882 7818","+853 2882 7818","","12:00-22:00"
"4583","華倫西","VALÊNCIA","餐廳（酒店內）","國際","氹仔","氹仔柯維納馬路142號和佛山街16號君怡酒店二樓和三樓","+853 8896 1982","+853 2883 7711","","07:00-23:00"
"4584","君怡軒","GRANDVIEW","餐廳（酒店內）","中國","氹仔","氹仔柯維納馬路142號和佛山街16號君怡酒店2樓和3樓","+853 8896 1901","+853 2883 7711","","星期一至星期五： 06:00-15:00   18:00-23:00
星期六、星期日及公眾假期：11:00-15:30   18:00-23:00"
"4597","永利軒","WING LEI","餐廳（酒店內）","中國","澳門","澳門外港新填海區南灣湖計劃B區鄰近沙格斯大馬路城市日大馬路及仙德麗街永利酒店地下","+853 8986 3688","","http://www.wynnresortsmacau.com","11:30-15:00;18:00-23:00(星期一至星期六)
10:30-15:30;18:00-23:00(星期日及公眾假期)"
"4600","湖畔意廊","LAKESIDE TRATTORIA","餐廳（酒店內）","國際","澳門","澳門外港新填海區南灣湖計劃B區鄰近沙格斯大馬路，城市日大馬路及仙德麗街，永利酒店地下","","","","07:00-17:30;18:00-22:30"
"4608","品味坊","TEMPTATIONS RESTAURANT","餐廳（酒店內）","國際","澳門","澳門仙德麗街338號星際酒店16字樓","+853 8290 8688","+853 2875 1750","http://www.starworldmacau.com","07:00-22:00"
"4611","丹桂軒","LAUREL RESTAURANT","餐廳（酒店內）","中國","澳門","澳門仙德麗街338號星際酒店2樓","+853 8290 8628","+853 2875 0141","http://www.laurelgroup.com.cn","平日:11:00-23:00
節假日:10:00-23:00"
"4612","新口岸協成海鮮火鍋酒家","RESTAURANTE ÊXITO DO PORTO EXTERIOR","餐廳（酒店外）","中國","澳門","澳門廣州街38號C怡安閣大廈地下，1樓和2樓","+853 2878 2188","+853 2878 1630","http://www.jinyuexuan.com/page14","11:00-03:00"
"4617","怡景餐廳","VIC'S","餐廳（酒店內）","葡萄牙","澳門","澳門漁人碼頭靠近友誼大馬路的萊斯酒店地下","+853 8799 6355","","http://www.fishermanswharf.com.mo/","11:30-23:00"
"4629","日夜","ROUND-THE-CLOCK COFFEE SHOP","餐廳（酒店內）","國際","澳門","澳門葡京路新葡京酒店二層夾層","+853 8803 7766","+853 2871 6350","http://www.grandlisboahotel.com","24小時"
"4630","大廚","THE KITCHEN","餐廳（酒店內）","西式","澳門","澳門葡京路新葡京酒店三層","+853 8803 7777","+853 2871 6350","http://www.grandlisboahotels.com/zh-hant/dining/the-kitchen","12:00-15:00;18:00-22:00"
"4631","8","THE EIGHT","餐廳（酒店內）","中國","澳門","澳門葡京路新葡京酒店二層","+853 8803 7788","+853 2871 6350","http://www.grandlisboahotels.com/zh-hant/dining/the-8","12:00-15:00;18:00-22:00(星期一休息)"
"4634","當奧豐素意式料理","CASA DON ALFONSO?","餐廳（酒店內）","意大利","澳門","澳門葡京路新葡京酒店三層","+853 8803 7722","+853 2871 6350","http://www.grandlisboahotels.com/zh-hant/grandlisboa/dining/casa-don-alfonso","12:00-15:00;18:00-22:00(星期二休息)"
"4651","廚泰餐廳","TALAY THAI RESTAURANT","餐廳（酒店外）","泰國","澳門","澳門友誼大馬路 澳門漁人碼頭之Amsterdam大廈","+853 2872 7207","+853 2872 7208","http://www.talay-thai.net","12:00-02:30"
"4659","奧羅拉","AURORA","餐廳（酒店內）","國際","氹仔","氹仔廣東大馬路786、798、816及840號，新濠鋒酒店第10層","+853 8803 6678","+853 2883 6796","http://www.altiramacau.com","11:30-14:30
18:00-22:30"
"4660","帝影樓","YING","餐廳（酒店內）","中國","氹仔","氹仔廣東大馬路786、798、816及840號，新濠鋒酒店第11層","+853 2886 8868","+853 2883 6796","http://www.altiramacau.com","11:00-15:00
18:00-22:30"
"4662","季風","MONSOON","餐廳（酒店內）","國際","氹仔","氹仔廣東大馬路786、798、816及840號，新濠鋒酒店第3層（娛樂場內）","+853 8803 6718","+853 2883 6796","http://www.altiramacau.com","24小時"
"4666","天政","TENMASA","餐廳（酒店內）","日本","氹仔","氹仔廣東大馬路786、798、816及840號，新濠鋒酒店第11層","+853 2886 8868","+853 2883 6796","http://www.altiramacau.com","12:00-14:30
18:00-22:30"
"4671","品粵軒","PIN YUE XUAN","餐廳（酒店內）","西式","氹仔","路氹填海區，路氹連貫公路以西，望德聖母灣大馬路以南，澳門威尼斯人酒店第1層1016舖位","+853 8118 9908","","","11:00-15:00;18:00-23:00(星期三休息)"
"4674","赤龍麵館","RED DRAGON NODDLE RESTAURANT","餐廳（酒店內）","中國","路氹填海區","路氹填海區 路氹連貫公路以西，望德聖母灣大馬路以南，澳門威尼斯人酒店第1層（娛樂場內）","+853 8118 9900","","","12:00-07:00"
"4676","北方館","NORTH","餐廳（酒店內）","中國","路氹填海區","路氹填海區，路氹連貫公路以西，望德聖母灣大馬路以南，澳門威尼斯人酒店第1層1015舖位","+853 8118 9980","","","11:00-15:00;18:00-23:00"
"4679","風味居","FENG WEI JU","餐廳（酒店內）","中國","澳門","澳門仙德麗街338號星際酒店5字樓","+853 8290 8668","+853 2875 1750","http://www.starworldmacau.com","11:00-23:00"
"4680","紅8粥麵","RED 8","餐廳（酒店內）","中國","澳門","澳門外港新填海區南灣湖計劃B區鄰近沙格斯大馬路，城市日大馬路及仙德麗街永利酒店地下","+853 8986 3628","+853 8986 3400","http://www.wynnmacau.com","24 小時"
"4686","食·八方","SQUARE EIGHT","餐廳（酒店內）","澳門 ／ 葡萄牙","澳門","澳門孫逸仙大馬路1101號澳門美高梅酒店地下（L1層）","+853 8802 2389","+853 8802 3333","http://www.mgm.mo/zh-hant/macau/dining/south","24小時"
"4687","寶雅座","AUX BEAUX ARTS","餐廳（酒店內）","法國","澳門","澳門孫逸仙大馬路1101號澳門美高梅酒店地下（L1層）","+853 8802 2319","+853 8802 3333","http://www.mgm.mo/zh-hant/macau/dining/aux-beaux-arts","星期一至星期日：18:00-24:00"
"4690","盛事","ROSSIO","餐廳（酒店內）","國際","澳門","澳門孫逸仙大馬路1101號澳門美高梅酒店地下（L1層）","+853 8802 2372","+853 8802 3333","http://www.mgm.mo/zh-hant/macau/dining/rossio","星期一12:00-15:00/18:00-22:00
星期二-星期四: 12:00-15:00/18:00-23:00
星期五: 12:00-15:00/18:00-24:00
星期六:12:00-24:00
星期日: 12:00-23:00"
"4700","金殿堂","IMPERIAL COURT","餐廳（酒店內）","澳門 ／ 葡萄牙","澳門","澳門孫逸仙大馬路1101號澳門美高梅酒店地下（L1層）","+853 8802 2361","+853 8802 3333","http://www.mgm.mo/zh-hant/macau/dining/imperial-court","星期一 - 星期五: 12:00-15:00/18:00-22:00
星期六 - 星期日: 11:00-15:00/18:00-22:00"
"4709","江戶日本料理(威尼斯人店)","EDO JAPANESE RESTAURANT (Venetian Shop)","餐廳（酒店內）","日本","路氹填海區","路氹填海區，路氹連貫公路以西，望德聖母灣大馬路以南，澳門威尼斯人酒店2311舖位","+853 2882 8321","","","11:30-23:00"
"4712","貢乃烤雞及撒旦烤魚餐廳","GOOBNE CHICKEN & DEVIL MAY GRILL RESTAURANT","餐廳（酒店內）","中國","澳門","澳門友誼大馬路2號及4號葡京酒店一樓","+853 2882 9355","","","12:00-15:00;18:00-23:00"
"4714","紫逸軒","ZI YAT HEEN","餐廳（酒店內）","中國","路氹填海區","路氹填海區，路氹連貫公路以西，望德聖母灣大馬路以南，第一地段第6區裙樓澳門四季酒店L1層","+853 2881 8818","+853 2881 8899","http://www.fourseasons.com/zh/macau/dining/restaurants/zi_yat_heen/","星期一-星期六:12:00-14:30
                        18:00-22:30
星期日:11:30-15:00
            18:00-22:30"
"4715","御品居","PING RESTAURANT","餐廳（酒店內）","國際","路氹填海區","路氹填海區，路氹連貫公路以西，望德聖母灣大馬路以南，第一地段第6區裙樓澳門四季酒店L1層","+853 8118 9701","","http://hk.theplazamacao.com/dining.html","11:00-01:00(星期日至星期四)
11:00-03:00(星期五至星期六)"
"4726","佛笑樓","FAT SIU LAU","餐廳（酒店外）","葡萄牙","澳門","澳門福隆新街64號","+853 2857 3585","+853 2857 3266","http://www.fatsiulau.com.mo","12:30-10:30"
"4777","POUSADA DE COLOANE","POUSADA DE COLOANE","餐廳（酒店內）","葡萄牙","路環","路環竹灣海灘旁邊竹灣酒店","+853 2888 2143  +853 2888 2144","+853 2888 2251","http://www.hotelpcoloane.com.mo","08:00-22:00"
"4786","樂宮美食中心","PALÁCIO LISBOA","餐廳（酒店內）","中國","澳門","澳門亞馬喇前地1號3號和5號，葡京路2號和4號及賈羅布大馬路1號和3號，葡京酒店地庫","+853 2857 9802  +853 2871 5070","+853 2833 1888","","24 小時"
"4791","不夜天","CAFÉ NOITE E DIA","餐廳（酒店內）","國際","澳門","澳門亞馬喇前地1號3號和5號，葡京路2號和4號及賈羅布大馬路1號和3號，葡京酒店第四期閣樓","+853 8803 3140","+853 8803 3310","","24小時"
"4792","四五六上海酒菜館","456 XANGAI","餐廳（酒店內）","中國","澳門","澳門亞馬喇前地1號3號和5號，葡京路2號和4號及賈羅布大馬路1號和3號，葡京酒店第L層","+853 2838 8474","","","11:00-15:00;18:00-22:00"
"4797","葡京日麗","PORTAS DO SOL","餐廳（酒店內）","意大利","澳門","澳門亞馬喇前地1號3號和5號，葡京路2號和4號及賈羅布大馬路1號和3號，葡京酒店二樓","+853 8803 3100","+853 8803 3310","","星期一至星期五:11:30-14:30
                          18:30-22:30
星期六  日及公眾假期: 09:30-15:00
                                    18:30-22:30"
"9000022","麵店王麵家","ESTABELECIMENTO DE COMIDAS MIN TIM WO (SOPA DE FITAS E CAFÉ)","飲食及飲料場所","飲食場所","澳門","澳門勞動節大馬路161 - 253號廣福祥花園(第一  二  三  四  五  六  七 八座) 地下及閣仔CV座","+853 2845 7233","","","07:00 - 19:00"
"9000045","阿維斯咖啡","CAFÉ ALVES","飲食及飲料場所","飲食場所","澳門","澳門海邊馬路/劏狗環49號至53號海富花園地下A舖","+853 2857 1846","","","07:30-19:00"
"9020004","甜蜜蜜咖啡美食","ESTABELECIMENTO DE COMIDAS TING MAT MAT","飲食及飲料場所","飲食場所","澳門","澳門永寧街165號地下E舖","+853 2842 2166","","","07:00 - 18:00"
"9020074","新爽爽豬肉丸美食","ESTABELECIMENTO DE COMIDAS SAN SONG SONG","飲食及飲料場所","飲食場所","澳門","澳門雅廉訪大馬路109-B號德運大廈地下及閣樓A座","","","","07:00-21:00"
"9020086","楊枝金撈甜品","ESTABELECIMENTO DE COMIDAS IEONG CHI KAM LOU","飲食及飲料場所","飲食場所","氹仔","氹仔孫逸仙博士大馬路606號泉澧花園地下C舖","+853 6668 0348","","","16:00 - 02:00"
"9020107","十二春火鍋","ESTABELECIMENTO DE COMIDAS SPRING POT HOT POT","飲食及飲料場所","飲食場所","氹仔","氹仔孫逸仙博士大馬路350號泉亮花園地下A座","+853 2883 3103","","","11:30-15:00;17:30-00:30"
"9020115","拉麵小路","COMIDAS RAMEN KOU-JI","飲食及飲料場所","飲料場所","氹仔","氹仔飛能便度街80-82號南龍大廈地下A舖","+853 2857 6672","","","12:00-23:00"
"9030072","華峰食館","ESTABELECIMENTO DE COMIDAS WA FONG","飲食及飲料場所","飲食場所","澳門","澳門飛南第街34  38及44號地下H  I  J 舖","+853 2875 5111  +853 2875 5118","","","07:00 - 19:00"
"9030074","協成海鮮火鍋(老店)","ESTABELECIMENTO DE COMIDAS HIP SENG (CLÁSSICO)","飲食及飲料場所","飲食場所","澳門","澳門蓬萊新巷4A號地下及閣樓A舖","+853 2893 8744","+853 2878 1630","http://www.jinyuexuan.com/page14","11:30-14:30;17:00-01:00"
"9040046","三六九冰室(氹仔店)","GELADARIA SAN LOK KAO (TAIPA)","飲食及飲料場所","飲食場所","氹仔","氹仔佛山街142號金利達花園地下K及L舖","","","","11:00-22:00"
"9040050","鮨味亭日本料理美食","ESTABELECIMENTO DE COMIDAS CHI MEI TENG","飲食及飲料場所","飲食場所","澳門","澳門賈伯樂提督街64號寶誠大廈地下A舖","+853 2843 4343","+853 2870 0321","","12:00-15:00 ; 18:00-23:00"
"9050004","水晶宮海鮮火鍋美食","ESTABELECIMENTO DE COMIDAS CRYSTAL PALACE SEAFOOD HOT POT","飲食及飲料場所","飲食場所","氹仔","氹仔地堡街211，205及199號泉福新邨X，Y，Z舖","+853 2882 7208","","","12:00-00:00"
"9050020","墨西哥咖啡美食","ESTABELECIMENTO DE COMIDAS TACOS BY MIUMIU","飲食及飲料場所","飲食場所","氹仔","氹仔德行街38號喜來登廣場地下H舖","+853 2875 0151","","","12:00-00:00"
"9050021","新綠茵閣茶餐廳","CAFÉ NEW GREEN VIEW","飲食及飲料場所","飲食場所","澳門","澳門倫敦街46和52號地下及閣樓T舖和U舖","+853 2871 7361","+853 2871 7361","","07:00-22:30"
"9050057","必勝客 (氹仔花城)","PIZZA HUT","飲食及飲料場所","飲食場所","氹仔","氹仔奧林匹克大馬路  511號  花城地下P舖","+853 2884 3160","+853 2884 3166","http://www.pizzahut.com.mo","11:00-23:00"
"9060024","必勝客 (新馬路)","PIZZA HUT","飲食及飲料場所","飲食場所","澳門","澳門亞美打利庇盧大馬路/新馬路 89號 95及99號和龍嵩正街2 2A及2B號南華商業中心一樓及二樓","+853 2838 9313","+853 2838 9312","http://www.pizzahut.com.mo","11:00-22:00"
"9060027","輝記海鮮美食","ESTABELECIMENTO DE COMIDAS FAI KEI HOI SIN","飲食及飲料場所","飲食場所","澳門","澳門飛喇士街 / 筷子基南街480號綠楊花園第四座(利和閣)地下AF座","","","","18:00-03:00"
"9060063","騎師日本料理","ESTABELECIMENTO DE COMIDAS TROTE","飲食及飲料場所","飲食場所","氹仔","氹仔基馬拉斯大馬路  116號及122號  至尊花城地下D舖","+853 2882 1864","+853 2882 1862","","17:30-03:30"
"9070003","新好財運海鮮火鍋飯店","ESTABELECIMENTO DE COMIDAS NOVA RIQUEZA","飲食及飲料場所","飲食場所","澳門","澳門科英布拉街430至438號光輝苑地下及一樓E，F，G舖","+853 2836 6666","+853 2878 0166","","11:00-03:00"
"9070056","貢乃","ESTABELECIMENTO DE COMIDAS GOOBNE ALL DAK HOUSE","飲食及飲料場所","飲食場所","氹仔","氹仔成都街197至203號至尊花城-麗翠閣地下J舖","+853 2883 5999","","","12:00-15:00;18:00-23:00"
"9070062","孖寶兄弟茶餐廳","ESTABELECIMENTO DE COMIDAS CAFE SUPER MARIO","飲食及飲料場所","飲食場所","澳門","澳門美麗街23-C號得運大廈地下及閣樓A座","","","","07:30-21:00 (星期一至星期五)
08:00-19:00 (星期六、星期日及公衆假期)"
"9070074","拉麵小路","COMIDAS RAMEN KOU-JI","飲食及飲料場所","飲食場所","澳門","澳門紅窗門街50號美景大廈地下B舖","+853 2893 8964","","http://ramenkouji@yahoo.com.hk","12:00-21:30"
"9080005","葡景軒","ESTABELECIMENTO DE COMIDAS ALMA","飲食及飲料場所","飲食場所","氹仔","氹仔客商街3號地下及一樓","","","","11:30-22:00"
"9080017","檀香山咖啡","CAFE T.H.S. HONOLULU","飲食及飲料場所","飲食場所","氹仔","氹仔盧廉若馬路7-L號  7-M號華城山莊(第二座)地下A B座","+853 2881 1322","+853 2871 8455","http://www.cafehonolulu.com","08:00-22:00"
"9080026","中廚","ESTABELECIMENTO DE COMIDAS CHINESE KITCHEN","飲食及飲料場所","飲食場所","氹仔","氹仔基馬拉斯大馬路  至尊花城130號E舖地下","+853 2884 2996","+853 2882 1862","","17:30-03:30"
"9080042","必勝客 (環宇豪庭)","PIZZA HUT","飲食及飲料場所","飲食場所","澳門","澳門馬濟時總督大馬路  81號  及馬德里街111號-117號  環宇豪庭地下及閣樓AK及AL舖","+853 2875 7747","+853 2875 7774","http://www.pizzahut.com.mo","11:00-23:00"
"9080079","三沙丁","ESTABELECIMENTO DE BEBIDAS TRÊS SARDINHAS","飲食及飲料場所","飲食場所","澳門","澳門聖祿杞街34號地下A鋪","+853 6363 3328","","","15:00-23:00; 星期二休息"
"9090005","岩風味料理","PEDREGULHO","飲食及飲料場所","飲食場所","澳門","澳門海灣南街112號及蘭花前地308號 信和廣場地下B座及J座","+853 2826 6849","+853 2870 4132","","12:00-15:00
18:00-02:00"
"9090019","檀香山咖啡","CAFE T.H.S. HONOLULU","飲食及飲料場所","飲食場所","澳門","澳門羅若翰神父街19A  19B  21A地下","","","","07:30-21:30"
"9090031","楊枝金撈甜品","ESTABELECIMENTO DE COMIDAS IEONG CHI KAM LOU","飲食及飲料場所","飲食場所","澳門","澳門爹美刁施拿地大馬路 / 施拿地馬路31-B號 樂斯大廈地下J舖","+853 6668 0348","","","16:00 - 02:00"
"9090062","HAAGEN DAZS","ESTABELECIMENTO DE BEBIDAS HAAGEN DAZS","飲食及飲料場所","飲食場所","澳門","澳門羅結地巷5號地下1座","+853 2838 9666","","","11:00-20:00"
"9090095","海王冰室","COMIDA HOI WONG","飲食及飲料場所","飲食場所","澳門","澳門馬濟時總督大馬路173及169號東南亞商業中心東南亞花園地下及閣樓AT及AU座","+853 2883 1180","","","07:00-23:00"
"9100086","旗艦綜合日本料理","ESTABELECIMENTO DE COMIDAS KING SHIP","飲食及飲料場所","飲食場所","氹仔","氹仔埃武拉街太子花城地下F舖","+853 2899 5555","","","12:00-15:00;18:00-03:00"
"9110028","活蘭印度素食","WOODLANDS INDIANO VEGETARIANO","飲食及飲料場所","飲食場所","澳門","澳門巴黎街107~117號及馬濟時總督大馬路395號大豐廣場第二座(中航大廈/大豐商業大廈/大豐廣場)地下Q舖和地下連一樓R舖","","","","11:30 -22:30"
"9110064","必勝客 (運順新村)","PIZZA HUT","飲食及飲料場所","飲食場所","澳門","澳門沙梨頭南街  107-113號  運順新村地下DD舖","+853 2822 7149","+853 2822 1115","http://www.pizzahut.com.mo","11:00-23:00"
"9110080","新益食店","ESTABELECIMENTO DE COMIDAS SUN YICK","飲食及飲料場所","飲食場所","澳門","澳門觀音堂街  29號  新益花園  地下及閣樓C舖","+853 2848 1046","+853 2836 5153","","18:00-04:00"
"9120001","華峰食館","ESTABELECIMENTO DE COMIDAS WA FONG","飲食及飲料場所","飲食場所","氹仔","氹仔孫逸仙博士大馬路444號華峰閣地下F座","+853 2883 2115  +853 2883 7229","","","07:00 - 02:00"
"9120008","麥田","BEING COZINHA","飲食及飲料場所","飲食場所","澳門","澳門倫敦街78號環宇豪庭地下及閣樓X座","+853 2826 2929","","","8:00-21:00"
"9120063","華峰食館","ESTABELECIMENTO DE COMIDAS WA FONG","飲食及飲料場所","飲食場所","澳門","澳門黑沙環海邊馬路51 - 6 5號保利達工業大廈地下及閣仔A座及B座","+853 2841 0345  +853 2841 0346","","","18:00 - 02:00"
"9130048","第一無國界料理","ESTABELECIMENTO DE COMIDAS TOP FUSION","飲食及飲料場所","飲食場所","澳門","澳門俾利喇街99-A號，裕濠大廈5樓A座","+853 2855 0849","+853 2832 2083","http://www.pereira-foodcenter.com/","11:00-21:00"
"9130080","迪恩甜品","D'LIGHT DESSERT CAFÉ","飲食及飲料場所","飲食場所","澳門","澳門沙梨頭海邊街90-A號利行大廈地下A座及閣仔","+853 2855 6332","","","12:00-22:00"
"9130086","葡薏園","TAPAS DE PORTUGAL","飲食及飲料場所","飲食場所","氹仔","氹仔木鐸街22-A號","+853 2857 6626","","http://www.taipavillagemacau.com/directory/tapas-de-portugal/","11:30 – 23:00"
"9130092","新綠茵閣茶餐廳","CAFÉ NEW GREEN VIEW","飲食及飲料場所","飲食場所","澳門","澳門羅馬街74-76號東南亞商業中心  東南亞花園地下及閣樓AD及AE座","+853 2875 1318","+853 2871 7361","","07:00-22:00"
"9130106","金撈茶餐室","ESTABELECIMENTO DE COMIDAS KAM LOU","飲食及飲料場所","飲食場所","澳門","澳門祐漢新村第一街61號興隆樓(第一期第三座)地下A座","+853 6668 0348","","","10:00 - 20:00"
"9130127","利安咖啡屋","CAFÉ LEON","飲食及飲料場所","飲食場所","氹仔","氹仔地堡街73號-79號 泉福新邨第二期偉大閣地下R座及Q座","+853 2830 1189","+853 2831 6140","","11:30-15:00
18:00-22:30"
"9140009","竹子餐飲","ALIMENTOS E BEBIDAS DE BAMBOO","飲食及飲料場所","飲食場所","氹仔","氹仔南京街36號曼克頓(第一座 第二座)地下B座","","","","09:00-02:00"
"9140055","大將燒烤","ESTABELECIMENTO DE COMIDAS TAI CHEONG B.B.Q.","飲食及飲料場所","飲食場所","澳門","澳門俾若翰街/筷子基北街461號，綠楊花園地下J座","+853 6374 2121","","","18:30-02:30"
"9140101","蕃茄屋美食","ESTABELECIMENTO DE COMIDAS CAFE DE NOVO TOMATO","飲食及飲料場所","飲食場所","澳門","澳門連安後巷4號及6號富安大廈地庫A座及B座","+853 2836 2171","+853 2835 5627","","11:00-22:00"
"9140126","楊枝金撈甜品","ESTABELECIMENTO DE COMIDAS IEONG CHI KAM LOU","飲食及飲料場所","飲食場所","澳門","澳門黑沙環新街 501號  廣華新村第二座地下及閣仔B座","+853 6668 0348","","","16:00 - 02:00"
"9140144","麥田","BEING COZINHA","飲食及飲料場所","飲食場所","氹仔","氹仔孫逸仙博士大馬路660號泉鴻花園地下I舖","+853 2833 1777","","","9:00-23:00"
"9140146","海天居鮨味亭日本料理美食","ESTABELECIMENTO DE COMIDAS VILLA DE MER SUSHI MI TEI","飲食及飲料場所","飲食場所","澳門","澳門東方明珠街  海天居地下Q  R及S座","+853 2876 7668","+853 2870 0321","http://www.sushimitei.com","12:00-15:00; 18:00-23:00"
"9150003","三寶冰室","GELADARIA SAM POU","飲食及飲料場所","飲食場所","澳門","澳門飛良韶街5號泉紹花園地下及閣仔E座","+853 2852 3708","","","07:00-19:00"
"9150013","三寶冰室","GELADARIA SAM POU","飲食及飲料場所","飲食場所","澳門","澳門馬濟時總督大馬路356號南岸花園地下及一樓AH座","+853 2888 1333","","","08:00-18:00"
"9150063","食 ･ 譜","ESTABELECIMENTO DE COMIDAS MY RECIPE","飲食及飲料場所","飲食場所","澳門","澳門林茂海邊大馬路無門牌號數  泉福翡翠地下D座","+853 2825 2846","","","12:00-22:00"
"9150066","伙牛越南料理","ESTABELECIMENTO DE COMIDAS PHO TIK","飲食及飲料場所","飲食場所","澳門","澳門美的路主教街13-C號及厚望街68號  嘉倫大廈地下A座","+853 2852 3000","","","11:30-20:00"
"9150101","泰谷","ESTABELECIMENTO DE COMIDAS TEGO","飲食及飲料場所","飲食場所","澳門","澳門東方明珠街，海天居地下及閣仔AE及AF座","+853 6636 9996","","","12:00-15:00;18:00-23:00"
"9150166","遊·咖啡","CAFÉ VOYAGE","飲食及飲料場所","飲食場所","澳門","澳門羅神父街31-A號寶美安大廈地下及閣樓D座","+853 6663 5662","","","12:00-21:30"
"9160043","檀香山咖啡","CAFÉ T.H.S. HONOLULU","飲食及飲料場所","飲食場所","澳門","澳門高樓里/船澳口6號創新大廈地下A座","+853 2892 3124","+853 2871 8455","http://www.cafehonolulu.com","07:00-23:00"
"9160050","悅緣四季","ESTABELECIMENTO DE COMIDAS YUT UN","飲食及飲料場所","飲食場所","澳門","澳門黑沙環第四街33號及黑沙環第一街49號，文豐樓地下及閣樓J座","+853 2842 1076","","","17:30-23:00"
"9160073","金滿堂甜品","ESTABELECIMENTO DE COMIDAS KAM MUN TONG","飲食及飲料場所","飲食場所","澳門","澳門飛喇士街/筷子基南街461號寶翠花園利明閣利耀閣地下U座","+853 2823 2818","+853 2871 7361","","15:00-02:00"
"9160089","華峰食館","ESTABELECIMENTO DE COMIDAS WA FONG","飲食及飲料場所","飲食場所","澳門","澳門華大新村第一街12號嶺南大廈地下B C D E座，巴波沙大馬路366 - 368號  372號  376-378號","+853 2843 8234  +853 2843 8235","","","07:30 - 22:30"
"9160101","日吧美食","ESTABELECIMENTO DE COMIDAS JAPAS","飲食及飲料場所","飲食場所","澳門","澳門區神父街165-307號八達新村地下EE  EF  ER  ES  ET  EU  EQ座","+853 2852 1199","","","12:00-14:30
18:00-23:00"
"9160111","百葉咖啡屋","JANELA CAFÉ","飲食及飲料場所","飲食場所","氹仔","氹仔地堡街121號泉福新邨 (第二期偉圖閣) 地下I座","+853 2882 8222","","http://www.janelacafe.com","12:00-21:00"
"9160113","阿維斯咖啡","CAFÉ ALVES","飲食及飲料場所","飲食場所","澳門","澳門南灣大馬路737號及741號南灣大廈地下及閣仔A3座及A4座","+853 2892 0686","","","07:30-21:30"
"9170001","甜蜜蜜咖啡美食","ESTABELECIMENTO DE COMIDAS TING MAT MAT","飲食及飲料場所","飲食場所","澳門","澳門飛喇士街 / 筷子基南街67號權昌御庭地下 閣仔及1樓I座","+853 2823 3733","","","07:00 - 23:00"
"9170018","大同咖啡","CAFÉ TOFF","飲食及飲料場所","飲食場所","澳門","澳門厚望街72號盧苑地下D座","+853 6610 2355","","","11:30 - 21:30"
"9170028","家常便飯","ESTABELECIMENTO DE COMIDAS HOME MADE MEAL","飲食及飲料場所","飲食場所","澳門","澳門馬濟時總督大馬路265號建興龍廣場 (興海閣，建富閣) 地下及閣樓AG座","+853 2896 7766","","","11:00-23:00"
"9170033","輝記海鮮美食","ESTABELECIMENTO DE COMIDAS FAI KEI HOI SIN","飲食及飲料場所","飲食場所","氹仔","氹仔基馬拉斯大馬路335-341號濠庭都會地下J座","","","","18:00-05:00"
"9170087","遊·咖啡","CAFÉ VOYAGE","飲食及飲料場所","飲食場所","澳門","澳門馬濟時總督大馬路331號富達花園地下及一樓V座","+853 6663 5662","","","12:00-21:00"
"9170107","忠成餃子王","REI DE DUMPLING LOYAL SUCCESS","飲食及飲料場所","飲食場所","澳門","澳門聖德倫街412 420 426 430及434號獲多利大廈B座一樓 C座部份地下及一樓 D座一樓 EF座地下及一樓","","","","11:00-03:00"
"9170109","胡椒廚房","ESTABELECIMENTO DE COMIDAS PEPPER LUNCH","飲食及飲料場所","飲食場所","澳門","澳門水坑尾街280號坤記大厦地下A座","+853 2835 4081","","","11:30-21:00"
"9170124","檀香山咖啡","CAFÉ T.H.S. HONOLULU","飲食及飲料場所","飲食場所","澳門","澳門鏡湖馬路40號湖光大廈地下B座","+853 2872 2224","+853 2871 8455","http://amy.hoi@cafehonolulu.com","07:00-23:00"
"9170126","第一無國界料理","ESTABELECIMENTO DE COMIDAS TOP FUSION","飲食及飲料場所","飲食場所","澳門","澳門沙梨頭海邊街 91，93-99 號及林茂巷1號","+853 2895 2010","+853 2832 2083","http://www.instagram.com/topfusion_macau/","12:00-22:30"
"9180033","真點心","ESTABELECIMENTO DE COMIDAS ZHEN DIM SUM","飲食及飲料場所","飲食場所","澳門","澳門南灣大馬路 807-811 號才能商業中心地下及閣樓A座","+853 2892 0299","+853 2878 1630","http://www.jinyuexuan.com/page14","08:00-21:00"
"9180037","粵匠","ESTABELECIMENTO DE COMIDAS UT CHEONG","飲食及飲料場所","飲食場所","澳門","澳門高利亞海軍上將大馬路110-114號保利達工業大廈地下及閣仔F座","","","","08:00-15:00;17:30-22:30"
"9180053","愛汀堡咖啡","EDINBURGH CAFÉ","飲食及飲料場所","飲食場所","澳門","澳門東望洋街23-B號萬豐花園地下B座","+853 6345 8855","","","12:00 - 21:30"
"9180078","愛碼膳","A COZINHA MARIANA","飲食及飲料場所","飲食場所","氹仔","氹仔北安大馬路氹仔客運碼頭地下1312-H 舖","+853 2833 3373","+853 2855 3077","http://www.csi-group.com.mo/members/cml","9:00 - 18:00"
"9180082","耿記點心","ESTABELECIMENTO DE COMIDAS MR GUNG DIM SUM","飲食及飲料場所","飲食場所","澳門","澳門美基街2-C號 2-D號 2-E號及4號，通商新街 / 新填地33號十六薈地下H I J K L座","+853 2892 0980","","","24小時"
"9180097","澳美食","COZINHA DE MACAU","飲食及飲料場所","飲食場所","路環","路環業興一街121號業興大廈(第八座)一樓D座","+853 2837 5308","","","07:30 - 17:30"
"9180099","華峰海鮮飯店","CASA DE MARISCOS WA FUNG","飲食及飲料場所","飲食場所","路環","路環石排灣馬路928號及916號安順大廈地下H座及I座","+853 2850 2305  +853 2850 2306","","","24小時"
"9180112","孖寶兄弟茶餐廳","ESTABELECIMENTO DE COMIDAS CAFE SUPER MARIO","飲食及飲料場所","飲食場所","澳門","澳門南灣湖景大馬路470-756號栢湖停車場地庫J-1座","+853 2872 2059","","http://cynthiachiang0008@gmail.com","08:00 - 21:00 (星期一 至 星期五); 
09:00 - 21:00 (星期六  星期日及公眾假期)"
"9180113","澳葡坊","ESTABELECIMENTO DE COMIDAS PORTUCAU","飲食及飲料場所","飲食場所","澳門","澳門板樟堂巷7-A號百好大厦地下B座","+853 2859 6336","","","12:00 - 23:00"
"9190008","真點心","ESTABELECIMENTO DE COMIDAS ZHEN DIM SUM (LOJA FAI CHI KEI)","飲食及飲料場所","飲食場所","澳門","澳門沙梨頭海邊大馬路359-361號朗濠坊地下C座","+853 2888 9880","+853 2878 1630","http://www.jinyuexuan.com/page14","09:00-21:30"
"9190017","彭廚澳門旗艦店","ESTABELECIMENTO DE COMIDAS PEND CHU AO MEN QI JIAN DIAN","飲食及飲料場所","飲食場所","澳門","澳門聖德倫街438號獲多利大廈地下及一樓G座","+853 6211 2888","","","24小時"
"9190024","忠成餃子王","REI DE DUMPLING LOYAL SUCCESS","飲食及飲料場所","飲食場所","澳門","澳門高美士街40-A - 68-G號南園地下G座及H座","","","","11:00-02:00"
"9190092","真點心","ESTABELECIMENTO DE COMIDAS ZHEN DIM SUM","飲食及飲料場所","飲食場所","氹仔","氹仔大連街402-408號利民大廈地下J座","+853 2883 8939","+853 2878 1630","http://www.jinyuexuan.com/page14","07:30-21:00"
"9190117","粵匠","ESTABELECIMENTO DE COMIDAS UT CHEONG","飲食及飲料場所","飲食場所","澳門","澳門黑沙環中街159-648號寰宇天下地下S-ABR/C-C座","","","","08:00-15:00;17:30-22:00"
"9200013","協成海鮮火鍋 (大中華店)","ESTABELECIMENTO DE COMIDAS HIP SENG (LOJA DE GREAT CHINA)","飲食及飲料場所","飲食場所","氹仔","氹仔孫逸仙博士大馬路520號大中華廣場 (綠湖居、翠湖居) A1及B1座","+853 2882 1216","+853 2878 1630","http://www.jinyuexuan.com/page14","12:00-15:00;17:30-03:00"
"9200033","金悅軒海鮮薈","LOJA DE MARISCO JIN YUE XUAN","飲食及飲料場所","飲食場所","氹仔","氹仔孫逸仙博士大馬路520號大中華廣場 (綠湖居、翠湖居) C1、D1及C2座","+853 2881 3191","+853 2878 1630","http://www.jinyuexuan.com/page14","10:00-15:00;17:30-23:00"
"9200035","粵匠","ESTABELECIMENTO DE COMIDAS UT CHEONG","飲食及飲料場所","飲食場所","澳門","澳門慕拉士大馬路無門牌號數合富188(商業用途)地下及一樓A座","+853 2851 5999","","","08:00-22:00"
"9200039","海王冰室","COMIDA HOI WONG","飲食及飲料場所","飲食場所","氹仔","氹仔布拉干薩街313號，亞威羅街149號金利達 (福苑，輝苑，利苑，金苑) 地下，及閣仔AJ座及AK座","+853 2882 2030","","","07:00-02:00"
"9200054","香榭里烘焙","ESTABELECIMENTO DE COMIDAS ELYSÉE BAKERY","飲食及飲料場所","飲食場所","氹仔","氹仔氹仔 大學大馬路澳門大學N1聚賢樓地面層N1-G005","","","","07:00-22:00"
"9200079","青洲劉記美食","LK COMIDAS","飲食及飲料場所","飲食場所","澳門","澳門白朗古將軍大馬路441-449號青怡大廈地下A座","+853 2830 9599","","","07:00-17:30"
